{"1L.json": {"epoch": 17, "train_time": 0.4247269630432129, "train_loss": 0.07396648914135735, "train_metrics": {"token_acc": 0.9743064641952515, "sentence_acc": 0.8307622671127319}, "val_time": 0.15027213096618652, "val_loss": 0.11888941749930382, "val_metrics": {"token_acc": 0.9587047100067139, "sentence_acc": 0.7416824102401733}}, "2L.json": {"epoch": 13, "train_time": 0.6885144710540771, "train_loss": 0.06869307430139904, "train_metrics": {"token_acc": 0.9747251272201538, "sentence_acc": 0.8306275606155396}, "val_time": 0.16676783561706543, "val_loss": 0.1142540667206049, "val_metrics": {"token_acc": 0.9614996910095215, "sentence_acc": 0.7645474076271057}}, "4L.json": {"epoch": 9, "train_time": 1.2825350761413574, "train_loss": 0.0824847098054557, "train_metrics": {"token_acc": 0.9694891571998596, "sentence_acc": 0.8036595582962036}, "val_time": 0.19401097297668457, "val_loss": 0.11872486770153046, "val_metrics": {"token_acc": 0.9572557806968689, "sentence_acc": 0.7479458451271057}}, "8L.json": {"epoch": 11, "train_time": 2.48244571685791, "train_loss": 0.07726432164681368, "train_metrics": {"token_acc": 0.9710882902145386, "sentence_acc": 0.8119612336158752}, "val_time": 0.27631425857543945, "val_loss": 0.12441341951489449, "val_metrics": {"token_acc": 0.956558108329773, "sentence_acc": 0.7465652227401733}}}