{"off.json": {"epoch": 18, "train_time": 1.833359956741333, "train_loss": 0.01626810365972125, "train_metrics": {"acc": 0.9978151321411133}, "val_time": 0.2581288814544678, "val_loss": 0.45315124094486237, "val_metrics": {"acc": 0.8906815648078918}}, "on.json": {"epoch": 10, "train_time": 1.9460179805755615, "train_loss": 0.046039981514973155, "train_metrics": {"acc": 0.9910828471183777}, "val_time": 0.26331305503845215, "val_loss": 0.4213167354464531, "val_metrics": {"acc": 0.8973052501678467}}}