{"1024.json": {"epoch": 7, "train_time": 16.569332599639893, "train_loss": 0.05599088935276209, "train_metrics": {"acc": 0.9850127100944519}, "val_time": 1.2706952095031738, "val_loss": 0.3966609686613083, "val_metrics": {"acc": 0.9042119979858398}}, "16.json": {"epoch": 25, "train_time": 0.7208361625671387, "train_loss": 0.1355857957722777, "train_metrics": {"acc": 0.9810994863510132}, "val_time": 0.1954505443572998, "val_loss": 0.808672179778417, "val_metrics": {"acc": 0.8192651867866516}}, "256.json": {"epoch": 10, "train_time": 2.039006233215332, "train_loss": 0.0460399765900131, "train_metrics": {"acc": 0.9910828471183777}, "val_time": 0.27105045318603516, "val_loss": 0.4213167627652486, "val_metrics": {"acc": 0.8973052501678467}}, "64.json": {"epoch": 15, "train_time": 0.7692480087280273, "train_loss": 0.05818779173038774, "train_metrics": {"acc": 0.9924731850624084}, "val_time": 0.18998050689697266, "val_loss": 0.4866880550980568, "val_metrics": {"acc": 0.8842844367027283}}}