{"off.json": {"epoch": 17, "train_time": 1.232405424118042, "train_loss": 0.05867716644344659, "train_metrics": {"token_acc": 0.9780123233795166, "sentence_acc": 0.8484077453613281}, "val_time": 0.21915268898010254, "val_loss": 0.11324025504291058, "val_metrics": {"token_acc": 0.9637194871902466, "sentence_acc": 0.7821255326271057}}, "on.json": {"epoch": 9, "train_time": 1.285592794418335, "train_loss": 0.08248470672245684, "train_metrics": {"token_acc": 0.9694891571998596, "sentence_acc": 0.8036595582962036}, "val_time": 0.20321893692016602, "val_loss": 0.1187248732894659, "val_metrics": {"token_acc": 0.9572557806968689, "sentence_acc": 0.7479458451271057}}}