{"1L.json": {"epoch": 13, "train_time": 0.5772876739501953, "train_loss": 0.0917047563372022, "train_metrics": {"acc": 0.9847269058227539}, "val_time": 0.16417407989501953, "val_loss": 0.5217124993602434, "val_metrics": {"acc": 0.8742074370384216}}, "2L.json": {"epoch": 12, "train_time": 1.0171618461608887, "train_loss": 0.056395750713803, "train_metrics": {"acc": 0.9902430772781372}, "val_time": 0.19185948371887207, "val_loss": 0.4303726851940155, "val_metrics": {"acc": 0.8914600014686584}}, "4L.json": {"epoch": 10, "train_time": 1.9558048248291016, "train_loss": 0.04603998233579983, "train_metrics": {"acc": 0.9910828471183777}, "val_time": 0.26596879959106445, "val_loss": 0.4213167056441307, "val_metrics": {"acc": 0.8973052501678467}}, "8L.json": {"epoch": 8, "train_time": 3.88824725151062, "train_loss": 0.08302536682557252, "train_metrics": {"acc": 0.9782142043113708}, "val_time": 0.40372562408447266, "val_loss": 0.49463097502787906, "val_metrics": {"acc": 0.888077437877655}}}