{"1024.json": {"epoch": 7, "train_time": 10.328985929489136, "train_loss": 0.07919439532119653, "train_metrics": {"token_acc": 0.9690064191818237, "sentence_acc": 0.7965843677520752}, "val_time": 0.7161397933959961, "val_loss": 0.11501717194914818, "val_metrics": {"token_acc": 0.9604940414428711, "sentence_acc": 0.7567349076271057}}, "16.json": {"epoch": 25, "train_time": 0.5524463653564453, "train_loss": 0.11981763151185267, "train_metrics": {"token_acc": 0.9701268672943115, "sentence_acc": 0.8109119534492493}, "val_time": 0.16545987129211426, "val_loss": 0.1713208481669426, "val_metrics": {"token_acc": 0.9524133205413818, "sentence_acc": 0.7116446495056152}}, "256.json": {"epoch": 9, "train_time": 1.285128116607666, "train_loss": 0.08248470620862369, "train_metrics": {"token_acc": 0.9694891571998596, "sentence_acc": 0.8036595582962036}, "val_time": 0.212233304977417, "val_loss": 0.11872486583888531, "val_metrics": {"token_acc": 0.9572557806968689, "sentence_acc": 0.7479458451271057}}, "64.json": {"epoch": 15, "train_time": 0.571923017501831, "train_loss": 0.07703718131986158, "train_metrics": {"token_acc": 0.9740315675735474, "sentence_acc": 0.83201003074646}, "val_time": 0.1603689193725586, "val_loss": 0.12230121716856956, "val_metrics": {"token_acc": 0.9601779580116272, "sentence_acc": 0.7594625353813171}}}